PVWatts: Monthly PV Performance Data,,,,
Requested Location:,"Eilat, Israel",,,
Location:,"EILAT, ISRAEL",,,
Lat (deg N):,29.55,,,
Long (deg E):,34.95,,,
Elev (m):,12,,,
DC System Size (kW):,0.294,,,
Module Type:,Standard,,,
Array Type:,Fixed (roof mount),,,
Array Tilt (deg):,20,,,
Array Azimuth (deg):,180,,,
System Losses:,16.22,,,
Invert Efficiency:,96,,,
DC to AC Size Ratio:,1.2,,,
Average Cost of Electricity Purchased from Utility ($/kWh):,No utility data available,,,
Capacity Factor (%),"17.6	",,,
,,,,
Month,AC System Output(kWh),Solar Radiation (kWh/m^2/day),Plane of Array Irradiance (W/m^2),DC array Output (kWh)
1,31.19187164,4.47838354,138.829895,32.52300644
2,33.22178268,5.39202261,150.9766388,34.63076019
3,40.84791565,6.07896328,188.4478607,42.56384659
4,41.94316483,6.52616215,195.7848663,43.74772263
5,42.8921051,6.57893467,203.9469757,44.73879242
6,41.97550201,6.81091738,204.3275147,43.75828934
7,42.47244263,6.82556629,211.5925598,44.2852211
8,45.43382645,7.18847466,222.8427124,47.36268234
9,42.00873184,6.78750324,203.6250916,43.77419281
10,35.43753433,5.4356246,168.504364,36.94722748
11,27.34539604,4.14875364,124.4626083,28.53747368
12,28.34902,4.06975317,126.1623459,29.58386421
Total,453.1192932,70.32105923,2139.503433,472.4530792
